{
    "B3Pu118geB4BZF83shys8EdWfoW8jiioF5UEAxaupump": {
        "top1_percent": 97.48865177883133,
        "timestamp": 1770398103
    },
    "EKwF2HD6X4rHHr4322EJeK9QBGkqhpHZQSanSUmWkecG": {
        "top1_percent": 4.500008498789158,
        "timestamp": 1770398147
    },
    "21CnrFRqvEVkQZUTFmTXjcsJTLZhRY51ohoaCPwRpump": {
        "top1_percent": 5.405836442848092,
        "timestamp": 1770398203
    },
    "9pTTktFyx6gK9Hxqh4CN7ER2Pcn8ahwtWz6FXY6mpump": {
        "top1_percent": 8.309052760214977,
        "timestamp": 1770398266
    },
    "HgBRWfYxEfvPhtqkaeymCQtHCrKE46qQ43pKe8HCpump": {
        "top1_percent": 9.157287371214725,
        "timestamp": 1770409420
    },
    "8opvqaWysX1oYbXuTL8PHaoaTiXD69VFYAX4smPebonk": {
        "top1_percent": 1.2951190338835117,
        "timestamp": 1770407700
    }
}